Created Date,Zip,Unnamed: 0,Count
2013-06-30,11201,36,36
2013-06-30,11203,54,54
2013-06-30,11204,21,21
2013-06-30,11205,33,33
2013-06-30,11206,65,65
2013-06-30,11207,68,68
2013-06-30,11208,55,55
2013-06-30,11209,24,24
2013-06-30,11210,37,37
2013-06-30,11211,56,56
2013-06-30,11212,38,38
2013-06-30,11213,40,40
2013-06-30,11214,17,17
2013-06-30,11215,21,21
2013-06-30,11216,65,65
2013-06-30,11217,23,23
2013-06-30,11218,31,31
2013-06-30,11219,8,8
2013-06-30,11220,18,18
2013-06-30,11221,80,80
2013-06-30,11222,21,21
2013-06-30,11223,13,13
2013-06-30,11224,15,15
2013-06-30,11225,46,46
2013-06-30,11226,104,104
2013-06-30,11228,7,7
2013-06-30,11229,21,21
2013-06-30,11230,29,29
2013-06-30,11231,20,20
2013-06-30,11232,25,25
2013-06-30,11233,87,87
2013-06-30,11234,32,32
2013-06-30,11235,27,27
2013-06-30,11236,64,64
2013-06-30,11237,54,54
2013-06-30,11238,77,77
2013-07-31,11201,144,144
2013-07-31,11203,215,215
2013-07-31,11204,112,112
2013-07-31,11205,115,115
2013-07-31,11206,233,233
2013-07-31,11207,298,298
2013-07-31,11208,289,289
2013-07-31,11209,93,93
2013-07-31,11210,106,106
2013-07-31,11211,257,257
2013-07-31,11212,196,196
2013-07-31,11213,193,193
2013-07-31,11214,58,58
2013-07-31,11215,122,122
2013-07-31,11216,324,324
2013-07-31,11217,129,129
2013-07-31,11218,118,118
2013-07-31,11219,40,40
2013-07-31,11220,131,131
2013-07-31,11221,333,333
2013-07-31,11222,99,99
2013-07-31,11223,92,92
2013-07-31,11224,71,71
2013-07-31,11225,284,284
2013-07-31,11226,381,381
2013-07-31,11228,26,26
2013-07-31,11229,72,72
2013-07-31,11230,101,101
2013-07-31,11231,95,95
2013-07-31,11232,80,80
2013-07-31,11233,234,234
2013-07-31,11234,178,178
2013-07-31,11235,110,110
2013-07-31,11236,245,245
2013-07-31,11237,181,181
2013-07-31,11238,287,287
2013-07-31,11239,4,4
2013-08-31,11201,196,196
2013-08-31,11203,263,263
2013-08-31,11204,109,109
2013-08-31,11205,179,179
2013-08-31,11206,342,342
2013-08-31,11207,261,261
2013-08-31,11208,448,448
2013-08-31,11209,108,108
2013-08-31,11210,154,154
2013-08-31,11211,323,323
2013-08-31,11212,207,207
2013-08-31,11213,274,274
2013-08-31,11214,88,88
2013-08-31,11215,147,147
2013-08-31,11216,433,433
2013-08-31,11217,166,166
2013-08-31,11218,232,232
2013-08-31,11219,83,83
2013-08-31,11220,205,205
2013-08-31,11221,390,390
2013-08-31,11222,151,151
2013-08-31,11223,104,104
2013-08-31,11224,57,57
2013-08-31,11225,347,347
2013-08-31,11226,578,578
2013-08-31,11228,24,24
2013-08-31,11229,130,130
2013-08-31,11230,135,135
2013-08-31,11231,98,98
2013-08-31,11232,126,126
2013-08-31,11233,334,334
2013-08-31,11234,215,215
2013-08-31,11235,133,133
2013-08-31,11236,350,350
2013-08-31,11237,317,317
2013-08-31,11238,457,457
2013-08-31,11239,8,8
2013-09-30,11201,236,236
2013-09-30,11203,186,186
2013-09-30,11204,99,99
2013-09-30,11205,212,212
2013-09-30,11206,331,331
2013-09-30,11207,238,238
2013-09-30,11208,321,321
2013-09-30,11209,154,154
2013-09-30,11210,129,129
2013-09-30,11211,349,349
2013-09-30,11212,191,191
2013-09-30,11213,252,252
2013-09-30,11214,93,93
2013-09-30,11215,187,187
2013-09-30,11216,363,363
2013-09-30,11217,199,199
2013-09-30,11218,170,170
2013-09-30,11219,92,92
2013-09-30,11220,176,176
2013-09-30,11221,343,343
2013-09-30,11222,217,217
2013-09-30,11223,131,131
2013-09-30,11224,60,60
2013-09-30,11225,332,332
2013-09-30,11226,474,474
2013-09-30,11228,32,32
2013-09-30,11229,108,108
2013-09-30,11230,165,165
2013-09-30,11231,123,123
2013-09-30,11232,94,94
2013-09-30,11233,180,180
2013-09-30,11234,189,189
2013-09-30,11235,95,95
2013-09-30,11236,256,256
2013-09-30,11237,280,280
2013-09-30,11238,406,406
2013-09-30,11239,4,4
2013-10-31,11201,214,214
2013-10-31,11203,127,127
2013-10-31,11204,85,85
2013-10-31,11205,177,177
2013-10-31,11206,272,272
2013-10-31,11207,200,200
2013-10-31,11208,173,173
2013-10-31,11209,170,170
2013-10-31,11210,71,71
2013-10-31,11211,310,310
2013-10-31,11212,181,181
2013-10-31,11213,200,200
2013-10-31,11214,87,87
2013-10-31,11215,168,168
2013-10-31,11216,283,283
2013-10-31,11217,195,195
2013-10-31,11218,167,167
2013-10-31,11219,65,65
2013-10-31,11220,145,145
2013-10-31,11221,199,199
2013-10-31,11222,177,177
2013-10-31,11223,128,128
2013-10-31,11224,57,57
2013-10-31,11225,301,301
2013-10-31,11226,426,426
2013-10-31,11228,25,25
2013-10-31,11229,105,105
2013-10-31,11230,128,128
2013-10-31,11231,161,161
2013-10-31,11232,77,77
2013-10-31,11233,123,123
2013-10-31,11234,102,102
2013-10-31,11235,114,114
2013-10-31,11236,107,107
2013-10-31,11237,212,212
2013-10-31,11238,337,337
2013-10-31,11239,3,3
2013-11-30,11201,197,197
2013-11-30,11203,193,193
2013-11-30,11204,76,76
2013-11-30,11205,157,157
2013-11-30,11206,281,281
2013-11-30,11207,149,149
2013-11-30,11208,193,193
2013-11-30,11209,155,155
2013-11-30,11210,59,59
2013-11-30,11211,253,253
2013-11-30,11212,180,180
2013-11-30,11213,225,225
2013-11-30,11214,71,71
2013-11-30,11215,131,131
2013-11-30,11216,230,230
2013-11-30,11217,152,152
2013-11-30,11218,125,125
2013-11-30,11219,52,52
2013-11-30,11220,112,112
2013-11-30,11221,217,217
2013-11-30,11222,127,127
2013-11-30,11223,108,108
2013-11-30,11224,57,57
2013-11-30,11225,204,204
2013-11-30,11226,374,374
2013-11-30,11228,18,18
2013-11-30,11229,88,88
2013-11-30,11230,157,157
2013-11-30,11231,87,87
2013-11-30,11232,62,62
2013-11-30,11233,117,117
2013-11-30,11234,99,99
2013-11-30,11235,118,118
2013-11-30,11236,67,67
2013-11-30,11237,190,190
2013-11-30,11238,299,299
2013-11-30,11239,3,3
2013-12-31,11201,210,210
2013-12-31,11203,94,94
2013-12-31,11204,69,69
2013-12-31,11205,105,105
2013-12-31,11206,251,251
2013-12-31,11207,172,172
2013-12-31,11208,178,178
2013-12-31,11209,129,129
2013-12-31,11210,80,80
2013-12-31,11211,233,233
2013-12-31,11212,177,177
2013-12-31,11213,233,233
2013-12-31,11214,74,74
2013-12-31,11215,129,129
2013-12-31,11216,250,250
2013-12-31,11217,137,137
2013-12-31,11218,133,133
2013-12-31,11219,86,86
2013-12-31,11220,113,113
2013-12-31,11221,189,189
2013-12-31,11222,113,113
2013-12-31,11223,134,134
2013-12-31,11224,38,38
2013-12-31,11225,205,205
2013-12-31,11226,362,362
2013-12-31,11228,41,41
2013-12-31,11229,107,107
2013-12-31,11230,117,117
2013-12-31,11231,73,73
2013-12-31,11232,75,75
2013-12-31,11233,108,108
2013-12-31,11234,111,111
2013-12-31,11235,126,126
2013-12-31,11236,63,63
2013-12-31,11237,206,206
2013-12-31,11238,275,275
2013-12-31,11239,4,4
2014-01-31,11201,173,173
2014-01-31,11203,98,98
2014-01-31,11204,93,93
2014-01-31,11205,112,112
2014-01-31,11206,346,346
2014-01-31,11207,153,153
2014-01-31,11208,103,103
2014-01-31,11209,139,139
2014-01-31,11210,77,77
2014-01-31,11211,286,286
2014-01-31,11212,133,133
2014-01-31,11213,245,245
2014-01-31,11214,75,75
2014-01-31,11215,137,137
2014-01-31,11216,245,245
2014-01-31,11217,121,121
2014-01-31,11218,138,138
2014-01-31,11219,74,74
2014-01-31,11220,92,92
2014-01-31,11221,189,189
2014-01-31,11222,99,99
2014-01-31,11223,119,119
2014-01-31,11224,59,59
2014-01-31,11225,178,178
2014-01-31,11226,372,372
2014-01-31,11228,11,11
2014-01-31,11229,116,116
2014-01-31,11230,125,125
2014-01-31,11231,71,71
2014-01-31,11232,62,62
2014-01-31,11233,118,118
2014-01-31,11234,103,103
2014-01-31,11235,132,132
2014-01-31,11236,77,77
2014-01-31,11237,177,177
2014-01-31,11238,227,227
2014-01-31,11239,5,5
2014-02-28,11201,164,164
2014-02-28,11203,102,102
2014-02-28,11204,70,70
2014-02-28,11205,118,118
2014-02-28,11206,285,285
2014-02-28,11207,160,160
2014-02-28,11208,91,91
2014-02-28,11209,139,139
2014-02-28,11210,65,65
2014-02-28,11211,218,218
2014-02-28,11212,143,143
2014-02-28,11213,203,203
2014-02-28,11214,52,52
2014-02-28,11215,126,126
2014-02-28,11216,205,205
2014-02-28,11217,135,135
2014-02-28,11218,100,100
2014-02-28,11219,55,55
2014-02-28,11220,106,106
2014-02-28,11221,214,214
2014-02-28,11222,114,114
2014-02-28,11223,109,109
2014-02-28,11224,54,54
2014-02-28,11225,168,168
2014-02-28,11226,482,482
2014-02-28,11228,18,18
2014-02-28,11229,95,95
2014-02-28,11230,142,142
2014-02-28,11231,76,76
2014-02-28,11232,45,45
2014-02-28,11233,78,78
2014-02-28,11234,80,80
2014-02-28,11235,119,119
2014-02-28,11236,83,83
2014-02-28,11237,154,154
2014-02-28,11238,188,188
2014-02-28,11239,3,3
2014-03-31,11201,216,216
2014-03-31,11203,99,99
2014-03-31,11204,86,86
2014-03-31,11205,141,141
2014-03-31,11206,336,336
2014-03-31,11207,234,234
2014-03-31,11208,162,162
2014-03-31,11209,132,132
2014-03-31,11210,95,95
2014-03-31,11211,300,300
2014-03-31,11212,184,184
2014-03-31,11213,223,223
2014-03-31,11214,90,90
2014-03-31,11215,184,184
2014-03-31,11216,285,285
2014-03-31,11217,138,138
2014-03-31,11218,145,145
2014-03-31,11219,86,86
2014-03-31,11220,156,156
2014-03-31,11221,242,242
2014-03-31,11222,115,115
2014-03-31,11223,136,136
2014-03-31,11224,77,77
2014-03-31,11225,223,223
2014-03-31,11226,463,463
2014-03-31,11228,44,44
2014-03-31,11229,108,108
2014-03-31,11230,202,202
2014-03-31,11231,73,73
2014-03-31,11232,51,51
2014-03-31,11233,109,109
2014-03-31,11234,109,109
2014-03-31,11235,135,135
2014-03-31,11236,86,86
2014-03-31,11237,224,224
2014-03-31,11238,274,274
2014-03-31,11239,10,10
2014-04-30,11201,278,278
2014-04-30,11203,140,140
2014-04-30,11204,122,122
2014-04-30,11205,199,199
2014-04-30,11206,419,419
2014-04-30,11207,243,243
2014-04-30,11208,199,199
2014-04-30,11209,162,162
2014-04-30,11210,111,111
2014-04-30,11211,361,361
2014-04-30,11212,218,218
2014-04-30,11213,192,192
2014-04-30,11214,80,80
2014-04-30,11215,180,180
2014-04-30,11216,326,326
2014-04-30,11217,176,176
2014-04-30,11218,128,128
2014-04-30,11219,74,74
2014-04-30,11220,174,174
2014-04-30,11221,284,284
2014-04-30,11222,140,140
2014-04-30,11223,97,97
2014-04-30,11224,64,64
2014-04-30,11225,209,209
2014-04-30,11226,525,525
2014-04-30,11228,44,44
2014-04-30,11229,135,135
2014-04-30,11230,174,174
2014-04-30,11231,126,126
2014-04-30,11232,97,97
2014-04-30,11233,178,178
2014-04-30,11234,161,161
2014-04-30,11235,124,124
2014-04-30,11236,82,82
2014-04-30,11237,242,242
2014-04-30,11238,305,305
2014-04-30,11239,18,18
2014-05-31,11201,364,364
2014-05-31,11203,252,252
2014-05-31,11204,92,92
2014-05-31,11205,227,227
2014-05-31,11206,571,571
2014-05-31,11207,385,385
2014-05-31,11208,299,299
2014-05-31,11209,249,249
2014-05-31,11210,195,195
2014-05-31,11211,608,608
2014-05-31,11212,271,271
2014-05-31,11213,277,277
2014-05-31,11214,142,142
2014-05-31,11215,271,271
2014-05-31,11216,487,487
2014-05-31,11217,254,254
2014-05-31,11218,192,192
2014-05-31,11219,106,106
2014-05-31,11220,271,271
2014-05-31,11221,507,507
2014-05-31,11222,253,253
2014-05-31,11223,166,166
2014-05-31,11224,128,128
2014-05-31,11225,356,356
2014-05-31,11226,580,580
2014-05-31,11228,64,64
2014-05-31,11229,190,190
2014-05-31,11230,197,197
2014-05-31,11231,257,257
2014-05-31,11232,145,145
2014-05-31,11233,293,293
2014-05-31,11234,265,265
2014-05-31,11235,168,168
2014-05-31,11236,229,229
2014-05-31,11237,355,355
2014-05-31,11238,571,571
2014-05-31,11239,14,14
2014-06-30,11201,260,260
2014-06-30,11203,394,394
2014-06-30,11204,134,134
2014-06-30,11205,287,287
2014-06-30,11206,690,690
2014-06-30,11207,428,428
2014-06-30,11208,447,447
2014-06-30,11209,202,202
2014-06-30,11210,255,255
2014-06-30,11211,616,616
2014-06-30,11212,278,278
2014-06-30,11213,385,385
2014-06-30,11214,136,136
2014-06-30,11215,292,292
2014-06-30,11216,530,530
2014-06-30,11217,271,271
2014-06-30,11218,190,190
2014-06-30,11219,180,180
2014-06-30,11220,289,289
2014-06-30,11221,583,583
2014-06-30,11222,236,236
2014-06-30,11223,150,150
2014-06-30,11224,120,120
2014-06-30,11225,322,322
2014-06-30,11226,730,730
2014-06-30,11228,58,58
2014-06-30,11229,184,184
2014-06-30,11230,188,188
2014-06-30,11231,201,201
2014-06-30,11232,163,163
2014-06-30,11233,385,385
2014-06-30,11234,320,320
2014-06-30,11235,180,180
2014-06-30,11236,354,354
2014-06-30,11237,412,412
2014-06-30,11238,568,568
2014-06-30,11239,9,9
2014-07-31,11201,233,233
2014-07-31,11203,322,322
2014-07-31,11204,101,101
2014-07-31,11205,284,284
2014-07-31,11206,396,396
2014-07-31,11207,402,402
2014-07-31,11208,425,425
2014-07-31,11209,174,174
2014-07-31,11210,180,180
2014-07-31,11211,477,477
2014-07-31,11212,208,208
2014-07-31,11213,308,308
2014-07-31,11214,118,118
2014-07-31,11215,220,220
2014-07-31,11216,461,461
2014-07-31,11217,169,169
2014-07-31,11218,183,183
2014-07-31,11219,116,116
2014-07-31,11220,223,223
2014-07-31,11221,515,515
2014-07-31,11222,161,161
2014-07-31,11223,98,98
2014-07-31,11224,139,139
2014-07-31,11225,307,307
2014-07-31,11226,672,672
2014-07-31,11228,38,38
2014-07-31,11229,116,116
2014-07-31,11230,175,175
2014-07-31,11231,132,132
2014-07-31,11232,104,104
2014-07-31,11233,407,407
2014-07-31,11234,308,308
2014-07-31,11235,183,183
2014-07-31,11236,335,335
2014-07-31,11237,326,326
2014-07-31,11238,544,544
2014-07-31,11239,9,9
2014-08-31,11201,304,304
2014-08-31,11203,429,429
2014-08-31,11204,110,110
2014-08-31,11205,272,272
2014-08-31,11206,462,462
2014-08-31,11207,504,504
2014-08-31,11208,485,485
2014-08-31,11209,198,198
2014-08-31,11210,267,267
2014-08-31,11211,518,518
2014-08-31,11212,273,273
2014-08-31,11213,403,403
2014-08-31,11214,121,121
2014-08-31,11215,279,279
2014-08-31,11216,593,593
2014-08-31,11217,242,242
2014-08-31,11218,238,238
2014-08-31,11219,149,149
2014-08-31,11220,241,241
2014-08-31,11221,612,612
2014-08-31,11222,194,194
2014-08-31,11223,92,92
2014-08-31,11224,187,187
2014-08-31,11225,478,478
2014-08-31,11226,864,864
2014-08-31,11228,42,42
2014-08-31,11229,135,135
2014-08-31,11230,166,166
2014-08-31,11231,123,123
2014-08-31,11232,159,159
2014-08-31,11233,409,409
2014-08-31,11234,385,385
2014-08-31,11235,164,164
2014-08-31,11236,348,348
2014-08-31,11237,472,472
2014-08-31,11238,546,546
2014-08-31,11239,35,35
2014-09-30,11201,268,268
2014-09-30,11203,239,239
2014-09-30,11204,91,91
2014-09-30,11205,251,251
2014-09-30,11206,496,496
2014-09-30,11207,391,391
2014-09-30,11208,353,353
2014-09-30,11209,178,178
2014-09-30,11210,173,173
2014-09-30,11211,440,440
2014-09-30,11212,210,210
2014-09-30,11213,379,379
2014-09-30,11214,142,142
2014-09-30,11215,263,263
2014-09-30,11216,516,516
2014-09-30,11217,259,259
2014-09-30,11218,180,180
2014-09-30,11219,119,119
2014-09-30,11220,238,238
2014-09-30,11221,476,476
2014-09-30,11222,211,211
2014-09-30,11223,133,133
2014-09-30,11224,103,103
2014-09-30,11225,294,294
2014-09-30,11226,580,580
2014-09-30,11228,66,66
2014-09-30,11229,117,117
2014-09-30,11230,179,179
2014-09-30,11231,154,154
2014-09-30,11232,134,134
2014-09-30,11233,283,283
2014-09-30,11234,248,248
2014-09-30,11235,197,197
2014-09-30,11236,239,239
2014-09-30,11237,468,468
2014-09-30,11238,500,500
2014-09-30,11239,21,21
2014-10-31,11201,409,409
2014-10-31,11203,161,161
2014-10-31,11204,102,102
2014-10-31,11205,226,226
2014-10-31,11206,467,467
2014-10-31,11207,300,300
2014-10-31,11208,176,176
2014-10-31,11209,214,214
2014-10-31,11210,122,122
2014-10-31,11211,500,500
2014-10-31,11212,188,188
2014-10-31,11213,363,363
2014-10-31,11214,121,121
2014-10-31,11215,232,232
2014-10-31,11216,472,472
2014-10-31,11217,223,223
2014-10-31,11218,199,199
2014-10-31,11219,77,77
2014-10-31,11220,228,228
2014-10-31,11221,373,373
2014-10-31,11222,198,198
2014-10-31,11223,123,123
2014-10-31,11224,162,162
2014-10-31,11225,256,256
2014-10-31,11226,606,606
2014-10-31,11228,54,54
2014-10-31,11229,199,199
2014-10-31,11230,243,243
2014-10-31,11231,122,122
2014-10-31,11232,96,96
2014-10-31,11233,201,201
2014-10-31,11234,180,180
2014-10-31,11235,174,174
2014-10-31,11236,126,126
2014-10-31,11237,326,326
2014-10-31,11238,425,425
2014-10-31,11239,11,11
2014-11-30,11201,231,231
2014-11-30,11203,174,174
2014-11-30,11204,72,72
2014-11-30,11205,194,194
2014-11-30,11206,440,440
2014-11-30,11207,260,260
2014-11-30,11208,187,187
2014-11-30,11209,220,220
2014-11-30,11210,122,122
2014-11-30,11211,406,406
2014-11-30,11212,206,206
2014-11-30,11213,330,330
2014-11-30,11214,112,112
2014-11-30,11215,226,226
2014-11-30,11216,443,443
2014-11-30,11217,188,188
2014-11-30,11218,147,147
2014-11-30,11219,65,65
2014-11-30,11220,125,125
2014-11-30,11221,317,317
2014-11-30,11222,170,170
2014-11-30,11223,95,95
2014-11-30,11224,155,155
2014-11-30,11225,234,234
2014-11-30,11226,429,429
2014-11-30,11228,21,21
2014-11-30,11229,146,146
2014-11-30,11230,174,174
2014-11-30,11231,103,103
2014-11-30,11232,83,83
2014-11-30,11233,202,202
2014-11-30,11234,178,178
2014-11-30,11235,159,159
2014-11-30,11236,99,99
2014-11-30,11237,322,322
2014-11-30,11238,330,330
2014-11-30,11239,6,6
2014-12-31,11201,237,237
2014-12-31,11203,133,133
2014-12-31,11204,86,86
2014-12-31,11205,132,132
2014-12-31,11206,348,348
2014-12-31,11207,255,255
2014-12-31,11208,153,153
2014-12-31,11209,247,247
2014-12-31,11210,117,117
2014-12-31,11211,276,276
2014-12-31,11212,191,191
2014-12-31,11213,358,358
2014-12-31,11214,94,94
2014-12-31,11215,190,190
2014-12-31,11216,351,351
2014-12-31,11217,194,194
2014-12-31,11218,145,145
2014-12-31,11219,45,45
2014-12-31,11220,138,138
2014-12-31,11221,229,229
2014-12-31,11222,153,153
2014-12-31,11223,123,123
2014-12-31,11224,111,111
2014-12-31,11225,182,182
2014-12-31,11226,472,472
2014-12-31,11228,28,28
2014-12-31,11229,141,141
2014-12-31,11230,156,156
2014-12-31,11231,73,73
2014-12-31,11232,84,84
2014-12-31,11233,162,162
2014-12-31,11234,114,114
2014-12-31,11235,142,142
2014-12-31,11236,89,89
2014-12-31,11237,257,257
2014-12-31,11238,331,331
2014-12-31,11239,8,8
2015-01-31,11201,170,170
2015-01-31,11203,139,139
2015-01-31,11204,72,72
2015-01-31,11205,122,122
2015-01-31,11206,432,432
2015-01-31,11207,254,254
2015-01-31,11208,169,169
2015-01-31,11209,138,138
2015-01-31,11210,138,138
2015-01-31,11211,310,310
2015-01-31,11212,206,206
2015-01-31,11213,205,205
2015-01-31,11214,104,104
2015-01-31,11215,145,145
2015-01-31,11216,383,383
2015-01-31,11217,186,186
2015-01-31,11218,127,127
2015-01-31,11219,57,57
2015-01-31,11220,128,128
2015-01-31,11221,194,194
2015-01-31,11222,119,119
2015-01-31,11223,112,112
2015-01-31,11224,102,102
2015-01-31,11225,207,207
2015-01-31,11226,490,490
2015-01-31,11228,23,23
2015-01-31,11229,129,129
2015-01-31,11230,187,187
2015-01-31,11231,95,95
2015-01-31,11232,56,56
2015-01-31,11233,144,144
2015-01-31,11234,156,156
2015-01-31,11235,140,140
2015-01-31,11236,86,86
2015-01-31,11237,237,237
2015-01-31,11238,264,264
2015-01-31,11239,2,2
2015-02-28,11201,151,151
2015-02-28,11203,110,110
2015-02-28,11204,78,78
2015-02-28,11205,115,115
2015-02-28,11206,337,337
2015-02-28,11207,213,213
2015-02-28,11208,157,157
2015-02-28,11209,127,127
2015-02-28,11210,104,104
2015-02-28,11211,218,218
2015-02-28,11212,158,158
2015-02-28,11213,196,196
2015-02-28,11214,94,94
2015-02-28,11215,135,135
2015-02-28,11216,327,327
2015-02-28,11217,133,133
2015-02-28,11218,106,106
2015-02-28,11219,69,69
2015-02-28,11220,99,99
2015-02-28,11221,156,156
2015-02-28,11222,106,106
2015-02-28,11223,141,141
2015-02-28,11224,100,100
2015-02-28,11225,219,219
2015-02-28,11226,506,506
2015-02-28,11228,25,25
2015-02-28,11229,104,104
2015-02-28,11230,137,137
2015-02-28,11231,82,82
2015-02-28,11232,54,54
2015-02-28,11233,119,119
2015-02-28,11234,152,152
2015-02-28,11235,111,111
2015-02-28,11236,61,61
2015-02-28,11237,239,239
2015-02-28,11238,203,203
2015-02-28,11239,6,6
2015-03-31,11201,257,257
2015-03-31,11203,144,144
2015-03-31,11204,113,113
2015-03-31,11205,148,148
2015-03-31,11206,436,436
2015-03-31,11207,250,250
2015-03-31,11208,243,243
2015-03-31,11209,207,207
2015-03-31,11210,110,110
2015-03-31,11211,332,332
2015-03-31,11212,186,186
2015-03-31,11213,229,229
2015-03-31,11214,97,97
2015-03-31,11215,167,167
2015-03-31,11216,381,381
2015-03-31,11217,167,167
2015-03-31,11218,174,174
2015-03-31,11219,73,73
2015-03-31,11220,127,127
2015-03-31,11221,238,238
2015-03-31,11222,142,142
2015-03-31,11223,160,160
2015-03-31,11224,95,95
2015-03-31,11225,261,261
2015-03-31,11226,570,570
2015-03-31,11228,25,25
2015-03-31,11229,114,114
2015-03-31,11230,167,167
2015-03-31,11231,105,105
2015-03-31,11232,78,78
2015-03-31,11233,140,140
2015-03-31,11234,153,153
2015-03-31,11235,129,129
2015-03-31,11236,97,97
2015-03-31,11237,193,193
2015-03-31,11238,323,323
2015-03-31,11239,7,7
2015-04-30,11201,334,334
2015-04-30,11203,183,183
2015-04-30,11204,88,88
2015-04-30,11205,209,209
2015-04-30,11206,574,574
2015-04-30,11207,348,348
2015-04-30,11208,291,291
2015-04-30,11209,201,201
2015-04-30,11210,104,104
2015-04-30,11211,516,516
2015-04-30,11212,202,202
2015-04-30,11213,309,309
2015-04-30,11214,128,128
2015-04-30,11215,243,243
2015-04-30,11216,663,663
2015-04-30,11217,234,234
2015-04-30,11218,191,191
2015-04-30,11219,82,82
2015-04-30,11220,250,250
2015-04-30,11221,377,377
2015-04-30,11222,184,184
2015-04-30,11223,145,145
2015-04-30,11224,81,81
2015-04-30,11225,304,304
2015-04-30,11226,529,529
2015-04-30,11228,30,30
2015-04-30,11229,137,137
2015-04-30,11230,176,176
2015-04-30,11231,141,141
2015-04-30,11232,145,145
2015-04-30,11233,243,243
2015-04-30,11234,142,142
2015-04-30,11235,157,157
2015-04-30,11236,91,91
2015-04-30,11237,366,366
2015-04-30,11238,414,414
2015-04-30,11239,12,12
2015-05-31,11201,433,433
2015-05-31,11203,270,270
2015-05-31,11204,119,119
2015-05-31,11205,276,276
2015-05-31,11206,657,657
2015-05-31,11207,538,538
2015-05-31,11208,457,457
2015-05-31,11209,262,262
2015-05-31,11210,171,171
2015-05-31,11211,763,763
2015-05-31,11212,269,269
2015-05-31,11213,517,517
2015-05-31,11214,185,185
2015-05-31,11215,365,365
2015-05-31,11216,623,623
2015-05-31,11217,423,423
2015-05-31,11218,297,297
2015-05-31,11219,122,122
2015-05-31,11220,369,369
2015-05-31,11221,764,764
2015-05-31,11222,301,301
2015-05-31,11223,173,173
2015-05-31,11224,112,112
2015-05-31,11225,552,552
2015-05-31,11226,859,859
2015-05-31,11228,69,69
2015-05-31,11229,160,160
2015-05-31,11230,224,224
2015-05-31,11231,163,163
2015-05-31,11232,177,177
2015-05-31,11233,408,408
2015-05-31,11234,280,280
2015-05-31,11235,263,263
2015-05-31,11236,250,250
2015-05-31,11237,622,622
2015-05-31,11238,771,771
2015-05-31,11239,20,20
2015-06-30,11201,270,270
2015-06-30,11203,262,262
2015-06-30,11204,121,121
2015-06-30,11205,275,275
2015-06-30,11206,604,604
2015-06-30,11207,480,480
2015-06-30,11208,357,357
2015-06-30,11209,255,255
2015-06-30,11210,113,113
2015-06-30,11211,644,644
2015-06-30,11212,259,259
2015-06-30,11213,411,411
2015-06-30,11214,140,140
2015-06-30,11215,283,283
2015-06-30,11216,521,521
2015-06-30,11217,260,260
2015-06-30,11218,225,225
2015-06-30,11219,123,123
2015-06-30,11220,308,308
2015-06-30,11221,701,701
2015-06-30,11222,189,189
2015-06-30,11223,138,138
2015-06-30,11224,181,181
2015-06-30,11225,409,409
2015-06-30,11226,700,700
2015-06-30,11228,63,63
2015-06-30,11229,138,138
2015-06-30,11230,217,217
2015-06-30,11231,184,184
2015-06-30,11232,133,133
2015-06-30,11233,389,389
2015-06-30,11234,218,218
2015-06-30,11235,208,208
2015-06-30,11236,305,305
2015-06-30,11237,530,530
2015-06-30,11238,524,524
2015-06-30,11239,20,20
2015-07-31,11201,208,208
2015-07-31,11203,283,283
2015-07-31,11204,64,64
2015-07-31,11205,205,205
2015-07-31,11206,490,490
2015-07-31,11207,472,472
2015-07-31,11208,415,415
2015-07-31,11209,188,188
2015-07-31,11210,171,171
2015-07-31,11211,688,688
2015-07-31,11212,267,267
2015-07-31,11213,464,464
2015-07-31,11214,131,131
2015-07-31,11215,223,223
2015-07-31,11216,526,526
2015-07-31,11217,204,204
2015-07-31,11218,167,167
2015-07-31,11219,82,82
2015-07-31,11220,326,326
2015-07-31,11221,770,770
2015-07-31,11222,194,194
2015-07-31,11223,120,120
2015-07-31,11224,149,149
2015-07-31,11225,503,503
2015-07-31,11226,655,655
2015-07-31,11228,62,62
2015-07-31,11229,113,113
2015-07-31,11230,140,140
2015-07-31,11231,143,143
2015-07-31,11232,154,154
2015-07-31,11233,380,380
2015-07-31,11234,285,285
2015-07-31,11235,156,156
2015-07-31,11236,346,346
2015-07-31,11237,466,466
2015-07-31,11238,544,544
2015-07-31,11239,30,30
2015-08-31,11201,334,334
2015-08-31,11203,296,296
2015-08-31,11204,105,105
2015-08-31,11205,224,224
2015-08-31,11206,474,474
2015-08-31,11207,593,593
2015-08-31,11208,405,405
2015-08-31,11209,153,153
2015-08-31,11210,195,195
2015-08-31,11211,667,667
2015-08-31,11212,311,311
2015-08-31,11213,408,408
2015-08-31,11214,137,137
2015-08-31,11215,229,229
2015-08-31,11216,488,488
2015-08-31,11217,271,271
2015-08-31,11218,211,211
2015-08-31,11219,130,130
2015-08-31,11220,427,427
2015-08-31,11221,687,687
2015-08-31,11222,230,230
2015-08-31,11223,132,132
2015-08-31,11224,172,172
2015-08-31,11225,402,402
2015-08-31,11226,772,772
2015-08-31,11228,45,45
2015-08-31,11229,124,124
2015-08-31,11230,125,125
2015-08-31,11231,121,121
2015-08-31,11232,204,204
2015-08-31,11233,418,418
2015-08-31,11234,323,323
2015-08-31,11235,166,166
2015-08-31,11236,433,433
2015-08-31,11237,465,465
2015-08-31,11238,689,689
2015-08-31,11239,12,12
2015-09-30,11201,355,355
2015-09-30,11203,291,291
2015-09-30,11204,91,91
2015-09-30,11205,242,242
2015-09-30,11206,561,561
2015-09-30,11207,533,533
2015-09-30,11208,379,379
2015-09-30,11209,179,179
2015-09-30,11210,157,157
2015-09-30,11211,704,704
2015-09-30,11212,271,271
2015-09-30,11213,451,451
2015-09-30,11214,149,149
2015-09-30,11215,291,291
2015-09-30,11216,483,483
2015-09-30,11217,302,302
2015-09-30,11218,198,198
2015-09-30,11219,89,89
2015-09-30,11220,358,358
2015-09-30,11221,563,563
2015-09-30,11222,221,221
2015-09-30,11223,162,162
2015-09-30,11224,132,132
2015-09-30,11225,547,547
2015-09-30,11226,762,762
2015-09-30,11228,76,76
2015-09-30,11229,162,162
2015-09-30,11230,190,190
2015-09-30,11231,108,108
2015-09-30,11232,136,136
2015-09-30,11233,315,315
2015-09-30,11234,286,286
2015-09-30,11235,200,200
2015-09-30,11236,314,314
2015-09-30,11237,478,478
2015-09-30,11238,668,668
2015-09-30,11239,10,10
2015-10-31,11201,383,383
2015-10-31,11203,111,111
2015-10-31,11204,70,70
2015-10-31,11205,192,192
2015-10-31,11206,497,497
2015-10-31,11207,306,306
2015-10-31,11208,160,160
2015-10-31,11209,205,205
2015-10-31,11210,157,157
2015-10-31,11211,551,551
2015-10-31,11212,220,220
2015-10-31,11213,339,339
2015-10-31,11214,138,138
2015-10-31,11215,242,242
2015-10-31,11216,348,348
2015-10-31,11217,310,310
2015-10-31,11218,185,185
2015-10-31,11219,110,110
2015-10-31,11220,262,262
2015-10-31,11221,389,389
2015-10-31,11222,293,293
2015-10-31,11223,224,224
2015-10-31,11224,147,147
2015-10-31,11225,412,412
2015-10-31,11226,574,574
2015-10-31,11228,56,56
2015-10-31,11229,144,144
2015-10-31,11230,217,217
2015-10-31,11231,99,99
2015-10-31,11232,149,149
2015-10-31,11233,215,215
2015-10-31,11234,125,125
2015-10-31,11235,196,196
2015-10-31,11236,126,126
2015-10-31,11237,415,415
2015-10-31,11238,403,403
2015-10-31,11239,8,8
2015-11-30,11201,352,352
2015-11-30,11203,155,155
2015-11-30,11204,91,91
2015-11-30,11205,149,149
2015-11-30,11206,490,490
2015-11-30,11207,242,242
2015-11-30,11208,228,228
2015-11-30,11209,237,237
2015-11-30,11210,124,124
2015-11-30,11211,500,500
2015-11-30,11212,234,234
2015-11-30,11213,329,329
2015-11-30,11214,150,150
2015-11-30,11215,250,250
2015-11-30,11216,402,402
2015-11-30,11217,290,290
2015-11-30,11218,140,140
2015-11-30,11219,86,86
2015-11-30,11220,241,241
2015-11-30,11221,393,393
2015-11-30,11222,246,246
2015-11-30,11223,168,168
2015-11-30,11224,100,100
2015-11-30,11225,347,347
2015-11-30,11226,579,579
2015-11-30,11228,56,56
2015-11-30,11229,169,169
2015-11-30,11230,215,215
2015-11-30,11231,119,119
2015-11-30,11232,98,98
2015-11-30,11233,164,164
2015-11-30,11234,127,127
2015-11-30,11235,134,134
2015-11-30,11236,126,126
2015-11-30,11237,357,357
2015-11-30,11238,404,404
2015-11-30,11239,8,8
2015-12-31,11201,284,284
2015-12-31,11203,131,131
2015-12-31,11204,110,110
2015-12-31,11205,202,202
2015-12-31,11206,357,357
2015-12-31,11207,304,304
2015-12-31,11208,220,220
2015-12-31,11209,203,203
2015-12-31,11210,138,138
2015-12-31,11211,503,503
2015-12-31,11212,251,251
2015-12-31,11213,322,322
2015-12-31,11214,156,156
2015-12-31,11215,174,174
2015-12-31,11216,403,403
2015-12-31,11217,346,346
2015-12-31,11218,141,141
2015-12-31,11219,125,125
2015-12-31,11220,251,251
2015-12-31,11221,444,444
2015-12-31,11222,199,199
2015-12-31,11223,138,138
2015-12-31,11224,110,110
2015-12-31,11225,312,312
2015-12-31,11226,557,557
2015-12-31,11228,56,56
2015-12-31,11229,154,154
2015-12-31,11230,331,331
2015-12-31,11231,96,96
2015-12-31,11232,92,92
2015-12-31,11233,201,201
2015-12-31,11234,140,140
2015-12-31,11235,229,229
2015-12-31,11236,117,117
2015-12-31,11237,379,379
2015-12-31,11238,377,377
2015-12-31,11239,5,5
2016-01-31,11201,269,269
2016-01-31,11203,124,124
2016-01-31,11204,89,89
2016-01-31,11205,135,135
2016-01-31,11206,339,339
2016-01-31,11207,227,227
2016-01-31,11208,191,191
2016-01-31,11209,163,163
2016-01-31,11210,105,105
2016-01-31,11211,372,372
2016-01-31,11212,245,245
2016-01-31,11213,271,271
2016-01-31,11214,118,118
2016-01-31,11215,201,201
2016-01-31,11216,376,376
2016-01-31,11217,281,281
2016-01-31,11218,144,144
2016-01-31,11219,102,102
2016-01-31,11220,150,150
2016-01-31,11221,307,307
2016-01-31,11222,168,168
2016-01-31,11223,160,160
2016-01-31,11224,65,65
2016-01-31,11225,264,264
2016-01-31,11226,553,553
2016-01-31,11228,32,32
2016-01-31,11229,100,100
2016-01-31,11230,149,149
2016-01-31,11231,77,77
2016-01-31,11232,64,64
2016-01-31,11233,157,157
2016-01-31,11234,133,133
2016-01-31,11235,182,182
2016-01-31,11236,91,91
2016-01-31,11237,275,275
2016-01-31,11238,369,369
2016-01-31,11239,8,8
2016-02-29,11201,233,233
2016-02-29,11203,94,94
2016-02-29,11204,86,86
2016-02-29,11205,182,182
2016-02-29,11206,283,283
2016-02-29,11207,249,249
2016-02-29,11208,200,200
2016-02-29,11209,144,144
2016-02-29,11210,94,94
2016-02-29,11211,383,383
2016-02-29,11212,234,234
2016-02-29,11213,226,226
2016-02-29,11214,121,121
2016-02-29,11215,152,152
2016-02-29,11216,335,335
2016-02-29,11217,247,247
2016-02-29,11218,127,127
2016-02-29,11219,71,71
2016-02-29,11220,153,153
2016-02-29,11221,358,358
2016-02-29,11222,181,181
2016-02-29,11223,103,103
2016-02-29,11224,84,84
2016-02-29,11225,205,205
2016-02-29,11226,442,442
2016-02-29,11228,25,25
2016-02-29,11229,103,103
2016-02-29,11230,150,150
2016-02-29,11231,75,75
2016-02-29,11232,54,54
2016-02-29,11233,151,151
2016-02-29,11234,102,102
2016-02-29,11235,163,163
2016-02-29,11236,89,89
2016-02-29,11237,322,322
2016-02-29,11238,338,338
2016-02-29,11239,8,8
2016-03-31,11201,260,260
2016-03-31,11203,135,135
2016-03-31,11204,123,123
2016-03-31,11205,251,251
2016-03-31,11206,399,399
2016-03-31,11207,257,257
2016-03-31,11208,204,204
2016-03-31,11209,145,145
2016-03-31,11210,106,106
2016-03-31,11211,486,486
2016-03-31,11212,230,230
2016-03-31,11213,240,240
2016-03-31,11214,119,119
2016-03-31,11215,193,193
2016-03-31,11216,433,433
2016-03-31,11217,300,300
2016-03-31,11218,206,206
2016-03-31,11219,116,116
2016-03-31,11220,196,196
2016-03-31,11221,444,444
2016-03-31,11222,191,191
2016-03-31,11223,178,178
2016-03-31,11224,118,118
2016-03-31,11225,343,343
2016-03-31,11226,520,520
2016-03-31,11228,45,45
2016-03-31,11229,126,126
2016-03-31,11230,169,169
2016-03-31,11231,108,108
2016-03-31,11232,111,111
2016-03-31,11233,208,208
2016-03-31,11234,162,162
2016-03-31,11235,164,164
2016-03-31,11236,120,120
2016-03-31,11237,388,388
2016-03-31,11238,432,432
2016-03-31,11239,9,9
2016-04-30,11201,270,270
2016-04-30,11203,148,148
2016-04-30,11204,98,98
2016-04-30,11205,578,578
2016-04-30,11206,557,557
2016-04-30,11207,296,296
2016-04-30,11208,244,244
2016-04-30,11209,222,222
2016-04-30,11210,118,118
2016-04-30,11211,570,570
2016-04-30,11212,253,253
2016-04-30,11213,327,327
2016-04-30,11214,123,123
2016-04-30,11215,248,248
2016-04-30,11216,633,633
2016-04-30,11217,406,406
2016-04-30,11218,181,181
2016-04-30,11219,90,90
2016-04-30,11220,226,226
2016-04-30,11221,528,528
2016-04-30,11222,248,248
2016-04-30,11223,145,145
2016-04-30,11224,119,119
2016-04-30,11225,313,313
2016-04-30,11226,663,663
2016-04-30,11228,40,40
2016-04-30,11229,150,150
2016-04-30,11230,207,207
2016-04-30,11231,127,127
2016-04-30,11232,104,104
2016-04-30,11233,267,267
2016-04-30,11234,181,181
2016-04-30,11235,229,229
2016-04-30,11236,124,124
2016-04-30,11237,501,501
2016-04-30,11238,571,571
2016-04-30,11239,8,8
2016-05-31,11201,373,373
2016-05-31,11203,287,287
2016-05-31,11204,185,185
2016-05-31,11205,829,829
2016-05-31,11206,820,820
2016-05-31,11207,391,391
2016-05-31,11208,457,457
2016-05-31,11209,245,245
2016-05-31,11210,183,183
2016-05-31,11211,708,708
2016-05-31,11212,356,356
2016-05-31,11213,415,415
2016-05-31,11214,185,185
2016-05-31,11215,301,301
2016-05-31,11216,644,644
2016-05-31,11217,384,384
2016-05-31,11218,278,278
2016-05-31,11219,107,107
2016-05-31,11220,367,367
2016-05-31,11221,764,764
2016-05-31,11222,235,235
2016-05-31,11223,183,183
2016-05-31,11224,146,146
2016-05-31,11225,443,443
2016-05-31,11226,820,820
2016-05-31,11228,50,50
2016-05-31,11229,182,182
2016-05-31,11230,230,230
2016-05-31,11231,166,166
2016-05-31,11232,107,107
2016-05-31,11233,387,387
2016-05-31,11234,254,254
2016-05-31,11235,262,262
2016-05-31,11236,248,248
2016-05-31,11237,667,667
2016-05-31,11238,634,634
2016-05-31,11239,6,6
2016-06-30,11201,390,390
2016-06-30,11203,331,331
2016-06-30,11204,124,124
2016-06-30,11205,653,653
2016-06-30,11206,743,743
2016-06-30,11207,468,468
2016-06-30,11208,465,465
2016-06-30,11209,244,244
2016-06-30,11210,190,190
2016-06-30,11211,719,719
2016-06-30,11212,326,326
2016-06-30,11213,406,406
2016-06-30,11214,195,195
2016-06-30,11215,303,303
2016-06-30,11216,956,956
2016-06-30,11217,387,387
2016-06-30,11218,243,243
2016-06-30,11219,92,92
2016-06-30,11220,440,440
2016-06-30,11221,853,853
2016-06-30,11222,305,305
2016-06-30,11223,177,177
2016-06-30,11224,131,131
2016-06-30,11225,529,529
2016-06-30,11226,797,797
2016-06-30,11228,66,66
2016-06-30,11229,167,167
2016-06-30,11230,241,241
2016-06-30,11231,211,211
2016-06-30,11232,162,162
2016-06-30,11233,513,513
2016-06-30,11234,309,309
2016-06-30,11235,241,241
2016-06-30,11236,387,387
2016-06-30,11237,619,619
2016-06-30,11238,803,803
2016-06-30,11239,11,11
2016-07-31,11201,283,283
2016-07-31,11203,389,389
2016-07-31,11204,105,105
2016-07-31,11205,1167,1167
2016-07-31,11206,596,596
2016-07-31,11207,470,470
2016-07-31,11208,470,470
2016-07-31,11209,188,188
2016-07-31,11210,181,181
2016-07-31,11211,491,491
2016-07-31,11212,400,400
2016-07-31,11213,431,431
2016-07-31,11214,157,157
2016-07-31,11215,223,223
2016-07-31,11216,574,574
2016-07-31,11217,286,286
2016-07-31,11218,187,187
2016-07-31,11219,137,137
2016-07-31,11220,314,314
2016-07-31,11221,570,570
2016-07-31,11222,234,234
2016-07-31,11223,160,160
2016-07-31,11224,147,147
2016-07-31,11225,471,471
2016-07-31,11226,822,822
2016-07-31,11228,66,66
2016-07-31,11229,130,130
2016-07-31,11230,147,147
2016-07-31,11231,144,144
2016-07-31,11232,158,158
2016-07-31,11233,406,406
2016-07-31,11234,317,317
2016-07-31,11235,204,204
2016-07-31,11236,421,421
2016-07-31,11237,579,579
2016-07-31,11238,578,578
2016-07-31,11239,10,10
2016-08-31,11201,313,313
2016-08-31,11203,386,386
2016-08-31,11204,105,105
2016-08-31,11205,579,579
2016-08-31,11206,481,481
2016-08-31,11207,321,321
2016-08-31,11208,382,382
2016-08-31,11209,174,174
2016-08-31,11210,172,172
2016-08-31,11211,464,464
2016-08-31,11212,297,297
2016-08-31,11213,353,353
2016-08-31,11214,139,139
2016-08-31,11215,202,202
2016-08-31,11216,538,538
2016-08-31,11217,359,359
2016-08-31,11218,147,147
2016-08-31,11219,79,79
2016-08-31,11220,336,336
2016-08-31,11221,640,640
2016-08-31,11222,166,166
2016-08-31,11223,129,129
2016-08-31,11224,161,161
2016-08-31,11225,404,404
2016-08-31,11226,693,693
2016-08-31,11228,64,64
2016-08-31,11229,108,108
2016-08-31,11230,132,132
2016-08-31,11231,119,119
2016-08-31,11232,94,94
2016-08-31,11233,322,322
2016-08-31,11234,244,244
2016-08-31,11235,170,170
2016-08-31,11236,354,354
2016-08-31,11237,519,519
2016-08-31,11238,578,578
2016-08-31,11239,4,4
2016-09-30,11201,438,438
2016-09-30,11203,337,337
2016-09-30,11204,109,109
2016-09-30,11205,1720,1720
2016-09-30,11206,537,537
2016-09-30,11207,421,421
2016-09-30,11208,465,465
2016-09-30,11209,196,196
2016-09-30,11210,181,181
2016-09-30,11211,613,613
2016-09-30,11212,312,312
2016-09-30,11213,442,442
2016-09-30,11214,168,168
2016-09-30,11215,340,340
2016-09-30,11216,610,610
2016-09-30,11217,333,333
2016-09-30,11218,218,218
2016-09-30,11219,88,88
2016-09-30,11220,379,379
2016-09-30,11221,617,617
2016-09-30,11222,254,254
2016-09-30,11223,204,204
2016-09-30,11224,97,97
2016-09-30,11225,467,467
2016-09-30,11226,803,803
2016-09-30,11228,68,68
2016-09-30,11229,123,123
2016-09-30,11230,219,219
2016-09-30,11231,151,151
2016-09-30,11232,140,140
2016-09-30,11233,373,373
2016-09-30,11234,308,308
2016-09-30,11235,249,249
2016-09-30,11236,340,340
2016-09-30,11237,653,653
2016-09-30,11238,604,604
2016-09-30,11239,9,9
2016-10-31,11201,518,518
2016-10-31,11203,174,174
2016-10-31,11204,141,141
2016-10-31,11205,459,459
2016-10-31,11206,542,542
2016-10-31,11207,315,315
2016-10-31,11208,256,256
2016-10-31,11209,335,335
2016-10-31,11210,158,158
2016-10-31,11211,616,616
2016-10-31,11212,224,224
2016-10-31,11213,393,393
2016-10-31,11214,154,154
2016-10-31,11215,292,292
2016-10-31,11216,471,471
2016-10-31,11217,320,320
2016-10-31,11218,233,233
2016-10-31,11219,150,150
2016-10-31,11220,286,286
2016-10-31,11221,545,545
2016-10-31,11222,281,281
2016-10-31,11223,168,168
2016-10-31,11224,110,110
2016-10-31,11225,409,409
2016-10-31,11226,692,692
2016-10-31,11228,75,75
2016-10-31,11229,153,153
2016-10-31,11230,255,255
2016-10-31,11231,155,155
2016-10-31,11232,138,138
2016-10-31,11233,255,255
2016-10-31,11234,171,171
2016-10-31,11235,220,220
2016-10-31,11236,150,150
2016-10-31,11237,634,634
2016-10-31,11238,470,470
2016-10-31,11239,9,9
2016-11-30,11201,357,357
2016-11-30,11203,187,187
2016-11-30,11204,138,138
2016-11-30,11205,228,228
2016-11-30,11206,370,370
2016-11-30,11207,234,234
2016-11-30,11208,213,213
2016-11-30,11209,227,227
2016-11-30,11210,192,192
2016-11-30,11211,378,378
2016-11-30,11212,230,230
2016-11-30,11213,219,219
2016-11-30,11214,145,145
2016-11-30,11215,157,157
2016-11-30,11216,314,314
2016-11-30,11217,233,233
2016-11-30,11218,142,142
2016-11-30,11219,113,113
2016-11-30,11220,139,139
2016-11-30,11221,306,306
2016-11-30,11222,216,216
2016-11-30,11223,120,120
2016-11-30,11224,90,90
2016-11-30,11225,362,362
2016-11-30,11226,496,496
2016-11-30,11228,49,49
2016-11-30,11229,122,122
2016-11-30,11230,189,189
2016-11-30,11231,115,115
2016-11-30,11232,78,78
2016-11-30,11233,184,184
2016-11-30,11234,120,120
2016-11-30,11235,174,174
2016-11-30,11236,106,106
2016-11-30,11237,431,431
2016-11-30,11238,332,332
2016-11-30,11239,5,5
2016-12-31,11201,317,317
2016-12-31,11203,175,175
2016-12-31,11204,90,90
2016-12-31,11205,174,174
2016-12-31,11206,350,350
2016-12-31,11207,255,255
2016-12-31,11208,181,181
2016-12-31,11209,225,225
2016-12-31,11210,138,138
2016-12-31,11211,357,357
2016-12-31,11212,225,225
2016-12-31,11213,246,246
2016-12-31,11214,143,143
2016-12-31,11215,174,174
2016-12-31,11216,318,318
2016-12-31,11217,238,238
2016-12-31,11218,132,132
2016-12-31,11219,106,106
2016-12-31,11220,163,163
2016-12-31,11221,334,334
2016-12-31,11222,170,170
2016-12-31,11223,172,172
2016-12-31,11224,77,77
2016-12-31,11225,301,301
2016-12-31,11226,548,548
2016-12-31,11228,48,48
2016-12-31,11229,160,160
2016-12-31,11230,207,207
2016-12-31,11231,112,112
2016-12-31,11232,82,82
2016-12-31,11233,196,196
2016-12-31,11234,98,98
2016-12-31,11235,151,151
2016-12-31,11236,104,104
2016-12-31,11237,337,337
2016-12-31,11238,368,368
2016-12-31,11239,3,3
2017-01-31,11201,307,307
2017-01-31,11203,168,168
2017-01-31,11204,91,91
2017-01-31,11205,241,241
2017-01-31,11206,439,439
2017-01-31,11207,223,223
2017-01-31,11208,185,185
2017-01-31,11209,251,251
2017-01-31,11210,74,74
2017-01-31,11211,352,352
2017-01-31,11212,162,162
2017-01-31,11213,241,241
2017-01-31,11214,167,167
2017-01-31,11215,176,176
2017-01-31,11216,330,330
2017-01-31,11217,328,328
2017-01-31,11218,185,185
2017-01-31,11219,67,67
2017-01-31,11220,142,142
2017-01-31,11221,338,338
2017-01-31,11222,216,216
2017-01-31,11223,162,162
2017-01-31,11224,132,132
2017-01-31,11225,261,261
2017-01-31,11226,506,506
2017-01-31,11228,31,31
2017-01-31,11229,163,163
2017-01-31,11230,206,206
2017-01-31,11231,89,89
2017-01-31,11232,70,70
2017-01-31,11233,195,195
2017-01-31,11234,86,86
2017-01-31,11235,169,169
2017-01-31,11236,131,131
2017-01-31,11237,401,401
2017-01-31,11238,364,364
2017-01-31,11239,8,8
2017-02-28,11201,253,253
2017-02-28,11203,155,155
2017-02-28,11204,71,71
2017-02-28,11205,190,190
2017-02-28,11206,429,429
2017-02-28,11207,225,225
2017-02-28,11208,154,154
2017-02-28,11209,186,186
2017-02-28,11210,75,75
2017-02-28,11211,415,415
2017-02-28,11212,180,180
2017-02-28,11213,254,254
2017-02-28,11214,138,138
2017-02-28,11215,184,184
2017-02-28,11216,272,272
2017-02-28,11217,273,273
2017-02-28,11218,168,168
2017-02-28,11219,89,89
2017-02-28,11220,119,119
2017-02-28,11221,355,355
2017-02-28,11222,149,149
2017-02-28,11223,113,113
2017-02-28,11224,89,89
2017-02-28,11225,295,295
2017-02-28,11226,397,397
2017-02-28,11228,39,39
2017-02-28,11229,135,135
2017-02-28,11230,189,189
2017-02-28,11231,82,82
2017-02-28,11232,63,63
2017-02-28,11233,152,152
2017-02-28,11234,101,101
2017-02-28,11235,135,135
2017-02-28,11236,95,95
2017-02-28,11237,405,405
2017-02-28,11238,307,307
2017-02-28,11239,9,9
2017-03-31,11201,283,283
2017-03-31,11203,193,193
2017-03-31,11204,65,65
2017-03-31,11205,229,229
2017-03-31,11206,376,376
2017-03-31,11207,265,265
2017-03-31,11208,159,159
2017-03-31,11209,218,218
2017-03-31,11210,95,95
2017-03-31,11211,437,437
2017-03-31,11212,220,220
2017-03-31,11213,318,318
2017-03-31,11214,155,155
2017-03-31,11215,165,165
2017-03-31,11216,359,359
2017-03-31,11217,313,313
2017-03-31,11218,188,188
2017-03-31,11219,123,123
2017-03-31,11220,115,115
2017-03-31,11221,347,347
2017-03-31,11222,157,157
2017-03-31,11223,134,134
2017-03-31,11224,117,117
2017-03-31,11225,237,237
2017-03-31,11226,474,474
2017-03-31,11228,35,35
2017-03-31,11229,182,182
2017-03-31,11230,220,220
2017-03-31,11231,90,90
2017-03-31,11232,82,82
2017-03-31,11233,177,177
2017-03-31,11234,98,98
2017-03-31,11235,208,208
2017-03-31,11236,83,83
2017-03-31,11237,313,313
2017-03-31,11238,305,305
2017-03-31,11239,5,5
2017-04-30,11201,467,467
2017-04-30,11203,209,209
2017-04-30,11204,126,126
2017-04-30,11205,326,326
2017-04-30,11206,518,518
2017-04-30,11207,401,401
2017-04-30,11208,358,358
2017-04-30,11209,256,256
2017-04-30,11210,108,108
2017-04-30,11211,556,556
2017-04-30,11212,252,252
2017-04-30,11213,352,352
2017-04-30,11214,167,167
2017-04-30,11215,346,346
2017-04-30,11216,624,624
2017-04-30,11217,423,423
2017-04-30,11218,208,208
2017-04-30,11219,111,111
2017-04-30,11220,350,350
2017-04-30,11221,579,579
2017-04-30,11222,260,260
2017-04-30,11223,136,136
2017-04-30,11224,128,128
2017-04-30,11225,440,440
2017-04-30,11226,796,796
2017-04-30,11228,61,61
2017-04-30,11229,255,255
2017-04-30,11230,215,215
2017-04-30,11231,147,147
2017-04-30,11232,179,179
2017-04-30,11233,393,393
2017-04-30,11234,162,162
2017-04-30,11235,218,218
2017-04-30,11236,136,136
2017-04-30,11237,651,651
2017-04-30,11238,542,542
2017-04-30,11239,7,7
2017-05-31,11201,427,427
2017-05-31,11203,291,291
2017-05-31,11204,133,133
2017-05-31,11205,301,301
2017-05-31,11206,617,617
2017-05-31,11207,381,381
2017-05-31,11208,487,487
2017-05-31,11209,281,281
2017-05-31,11210,130,130
2017-05-31,11211,609,609
2017-05-31,11212,286,286
2017-05-31,11213,445,445
2017-05-31,11214,146,146
2017-05-31,11215,315,315
2017-05-31,11216,616,616
2017-05-31,11217,362,362
2017-05-31,11218,381,381
2017-05-31,11219,112,112
2017-05-31,11220,400,400
2017-05-31,11221,727,727
2017-05-31,11222,307,307
2017-05-31,11223,159,159
2017-05-31,11224,122,122
2017-05-31,11225,562,562
2017-05-31,11226,851,851
2017-05-31,11228,72,72
2017-05-31,11229,195,195
2017-05-31,11230,268,268
2017-05-31,11231,150,150
2017-05-31,11232,133,133
2017-05-31,11233,422,422
2017-05-31,11234,240,240
2017-05-31,11235,201,201
2017-05-31,11236,252,252
2017-05-31,11237,653,653
2017-05-31,11238,573,573
2017-05-31,11239,17,17
2017-06-30,11201,335,335
2017-06-30,11203,335,335
2017-06-30,11204,166,166
2017-06-30,11205,320,320
2017-06-30,11206,584,584
2017-06-30,11207,453,453
2017-06-30,11208,640,640
2017-06-30,11209,260,260
2017-06-30,11210,203,203
2017-06-30,11211,731,731
2017-06-30,11212,283,283
2017-06-30,11213,525,525
2017-06-30,11214,191,191
2017-06-30,11215,384,384
2017-06-30,11216,737,737
2017-06-30,11217,345,345
2017-06-30,11218,293,293
2017-06-30,11219,162,162
2017-06-30,11220,453,453
2017-06-30,11221,829,829
2017-06-30,11222,293,293
2017-06-30,11223,165,165
2017-06-30,11224,154,154
2017-06-30,11225,693,693
2017-06-30,11226,898,898
2017-06-30,11228,91,91
2017-06-30,11229,183,183
2017-06-30,11230,191,191
2017-06-30,11231,189,189
2017-06-30,11232,180,180
2017-06-30,11233,485,485
2017-06-30,11234,208,208
2017-06-30,11235,232,232
2017-06-30,11236,313,313
2017-06-30,11237,773,773
2017-06-30,11238,625,625
2017-06-30,11239,14,14
2017-07-31,11201,260,260
2017-07-31,11203,434,434
2017-07-31,11204,136,136
2017-07-31,11205,309,309
2017-07-31,11206,530,530
2017-07-31,11207,506,506
2017-07-31,11208,576,576
2017-07-31,11209,202,202
2017-07-31,11210,217,217
2017-07-31,11211,544,544
2017-07-31,11212,315,315
2017-07-31,11213,618,618
2017-07-31,11214,149,149
2017-07-31,11215,303,303
2017-07-31,11216,690,690
2017-07-31,11217,302,302
2017-07-31,11218,242,242
2017-07-31,11219,104,104
2017-07-31,11220,467,467
2017-07-31,11221,837,837
2017-07-31,11222,278,278
2017-07-31,11223,112,112
2017-07-31,11224,147,147
2017-07-31,11225,610,610
2017-07-31,11226,798,798
2017-07-31,11228,74,74
2017-07-31,11229,173,173
2017-07-31,11230,161,161
2017-07-31,11231,137,137
2017-07-31,11232,206,206
2017-07-31,11233,508,508
2017-07-31,11234,360,360
2017-07-31,11235,199,199
2017-07-31,11236,392,392
2017-07-31,11237,682,682
2017-07-31,11238,630,630
2017-07-31,11239,15,15
2017-08-31,11201,383,383
2017-08-31,11203,407,407
2017-08-31,11204,93,93
2017-08-31,11205,277,277
2017-08-31,11206,480,480
2017-08-31,11207,553,553
2017-08-31,11208,573,573
2017-08-31,11209,225,225
2017-08-31,11210,227,227
2017-08-31,11211,569,569
2017-08-31,11212,324,324
2017-08-31,11213,465,465
2017-08-31,11214,159,159
2017-08-31,11215,235,235
2017-08-31,11216,457,457
2017-08-31,11217,280,280
2017-08-31,11218,211,211
2017-08-31,11219,94,94
2017-08-31,11220,464,464
2017-08-31,11221,780,780
2017-08-31,11222,217,217
2017-08-31,11223,134,134
2017-08-31,11224,125,125
2017-08-31,11225,622,622
2017-08-31,11226,853,853
2017-08-31,11228,60,60
2017-08-31,11229,233,233
2017-08-31,11230,162,162
2017-08-31,11231,124,124
2017-08-31,11232,169,169
2017-08-31,11233,600,600
2017-08-31,11234,280,280
2017-08-31,11235,198,198
2017-08-31,11236,402,402
2017-08-31,11237,526,526
2017-08-31,11238,543,543
2017-08-31,11239,13,13
2017-09-30,11201,462,462
2017-09-30,11203,398,398
2017-09-30,11204,189,189
2017-09-30,11205,521,521
2017-09-30,11206,615,615
2017-09-30,11207,480,480
2017-09-30,11208,499,499
2017-09-30,11209,310,310
2017-09-30,11210,198,198
2017-09-30,11211,659,659
2017-09-30,11212,303,303
2017-09-30,11213,551,551
2017-09-30,11214,112,112
2017-09-30,11215,310,310
2017-09-30,11216,576,576
2017-09-30,11217,431,431
2017-09-30,11218,223,223
2017-09-30,11219,112,112
2017-09-30,11220,404,404
2017-09-30,11221,782,782
2017-09-30,11222,353,353
2017-09-30,11223,144,144
2017-09-30,11224,133,133
2017-09-30,11225,718,718
2017-09-30,11226,943,943
2017-09-30,11228,68,68
2017-09-30,11229,206,206
2017-09-30,11230,214,214
2017-09-30,11231,224,224
2017-09-30,11232,184,184
2017-09-30,11233,449,449
2017-09-30,11234,310,310
2017-09-30,11235,224,224
2017-09-30,11236,324,324
2017-09-30,11237,750,750
2017-09-30,11238,683,683
2017-09-30,11239,10,10
2017-10-31,11201,444,444
2017-10-31,11203,232,232
2017-10-31,11204,152,152
2017-10-31,11205,567,567
2017-10-31,11206,634,634
2017-10-31,11207,378,378
2017-10-31,11208,371,371
2017-10-31,11209,253,253
2017-10-31,11210,155,155
2017-10-31,11211,667,667
2017-10-31,11212,267,267
2017-10-31,11213,470,470
2017-10-31,11214,127,127
2017-10-31,11215,347,347
2017-10-31,11216,527,527
2017-10-31,11217,414,414
2017-10-31,11218,250,250
2017-10-31,11219,147,147
2017-10-31,11220,383,383
2017-10-31,11221,585,585
2017-10-31,11222,361,361
2017-10-31,11223,126,126
2017-10-31,11224,123,123
2017-10-31,11225,657,657
2017-10-31,11226,780,780
2017-10-31,11228,81,81
2017-10-31,11229,167,167
2017-10-31,11230,285,285
2017-10-31,11231,223,223
2017-10-31,11232,228,228
2017-10-31,11233,328,328
2017-10-31,11234,154,154
2017-10-31,11235,228,228
2017-10-31,11236,159,159
2017-10-31,11237,710,710
2017-10-31,11238,479,479
2017-10-31,11239,6,6
2017-11-30,11201,283,283
2017-11-30,11203,106,106
2017-11-30,11204,163,163
2017-11-30,11205,541,541
2017-11-30,11206,391,391
2017-11-30,11207,252,252
2017-11-30,11208,223,223
2017-11-30,11209,220,220
2017-11-30,11210,142,142
2017-11-30,11211,435,435
2017-11-30,11212,223,223
2017-11-30,11213,271,271
2017-11-30,11214,96,96
2017-11-30,11215,181,181
2017-11-30,11216,281,281
2017-11-30,11217,362,362
2017-11-30,11218,177,177
2017-11-30,11219,113,113
2017-11-30,11220,202,202
2017-11-30,11221,305,305
2017-11-30,11222,213,213
2017-11-30,11223,118,118
2017-11-30,11224,68,68
2017-11-30,11225,314,314
2017-11-30,11226,474,474
2017-11-30,11228,36,36
2017-11-30,11229,158,158
2017-11-30,11230,205,205
2017-11-30,11231,125,125
2017-11-30,11232,92,92
2017-11-30,11233,171,171
2017-11-30,11234,107,107
2017-11-30,11235,207,207
2017-11-30,11236,106,106
2017-11-30,11237,402,402
2017-11-30,11238,326,326
2017-11-30,11239,12,12
2017-12-31,11201,234,234
2017-12-31,11203,150,150
2017-12-31,11204,128,128
2017-12-31,11205,321,321
2017-12-31,11206,425,425
2017-12-31,11207,239,239
2017-12-31,11208,188,188
2017-12-31,11209,229,229
2017-12-31,11210,136,136
2017-12-31,11211,422,422
2017-12-31,11212,242,242
2017-12-31,11213,274,274
2017-12-31,11214,114,114
2017-12-31,11215,165,165
2017-12-31,11216,225,225
2017-12-31,11217,255,255
2017-12-31,11218,134,134
2017-12-31,11219,97,97
2017-12-31,11220,164,164
2017-12-31,11221,321,321
2017-12-31,11222,218,218
2017-12-31,11223,110,110
2017-12-31,11224,82,82
2017-12-31,11225,319,319
2017-12-31,11226,451,451
2017-12-31,11228,71,71
2017-12-31,11229,157,157
2017-12-31,11230,162,162
2017-12-31,11231,60,60
2017-12-31,11232,52,52
2017-12-31,11233,158,158
2017-12-31,11234,112,112
2017-12-31,11235,200,200
2017-12-31,11236,113,113
2017-12-31,11237,395,395
2017-12-31,11238,328,328
2017-12-31,11239,16,16
2018-01-31,11201,333,333
2018-01-31,11203,136,136
2018-01-31,11204,80,80
2018-01-31,11205,320,320
2018-01-31,11206,463,463
2018-01-31,11207,261,261
2018-01-31,11208,193,193
2018-01-31,11209,166,166
2018-01-31,11210,108,108
2018-01-31,11211,380,380
2018-01-31,11212,253,253
2018-01-31,11213,288,288
2018-01-31,11214,116,116
2018-01-31,11215,182,182
2018-01-31,11216,197,197
2018-01-31,11217,222,222
2018-01-31,11218,106,106
2018-01-31,11219,85,85
2018-01-31,11220,213,213
2018-01-31,11221,371,371
2018-01-31,11222,185,185
2018-01-31,11223,119,119
2018-01-31,11224,95,95
2018-01-31,11225,308,308
2018-01-31,11226,473,473
2018-01-31,11228,23,23
2018-01-31,11229,169,169
2018-01-31,11230,169,169
2018-01-31,11231,104,104
2018-01-31,11232,59,59
2018-01-31,11233,178,178
2018-01-31,11234,89,89
2018-01-31,11235,154,154
2018-01-31,11236,67,67
2018-01-31,11237,294,294
2018-01-31,11238,370,370
2018-01-31,11239,5,5
2018-02-28,11201,316,316
2018-02-28,11203,137,137
2018-02-28,11204,77,77
2018-02-28,11205,360,360
2018-02-28,11206,373,373
2018-02-28,11207,218,218
2018-02-28,11208,203,203
2018-02-28,11209,171,171
2018-02-28,11210,145,145
2018-02-28,11211,377,377
2018-02-28,11212,232,232
2018-02-28,11213,247,247
2018-02-28,11214,103,103
2018-02-28,11215,206,206
2018-02-28,11216,251,251
2018-02-28,11217,306,306
2018-02-28,11218,118,118
2018-02-28,11219,89,89
2018-02-28,11220,281,281
2018-02-28,11221,334,334
2018-02-28,11222,183,183
2018-02-28,11223,99,99
2018-02-28,11224,74,74
2018-02-28,11225,266,266
2018-02-28,11226,404,404
2018-02-28,11228,21,21
2018-02-28,11229,107,107
2018-02-28,11230,211,211
2018-02-28,11231,82,82
2018-02-28,11232,64,64
2018-02-28,11233,198,198
2018-02-28,11234,84,84
2018-02-28,11235,153,153
2018-02-28,11236,65,65
2018-02-28,11237,332,332
2018-02-28,11238,342,342
2018-02-28,11239,12,12
2018-03-31,11201,391,391
2018-03-31,11203,154,154
2018-03-31,11204,87,87
2018-03-31,11205,339,339
2018-03-31,11206,393,393
2018-03-31,11207,315,315
2018-03-31,11208,224,224
2018-03-31,11209,224,224
2018-03-31,11210,142,142
2018-03-31,11211,321,321
2018-03-31,11212,260,260
2018-03-31,11213,257,257
2018-03-31,11214,111,111
2018-03-31,11215,215,215
2018-03-31,11216,242,242
2018-03-31,11217,319,319
2018-03-31,11218,165,165
2018-03-31,11219,81,81
2018-03-31,11220,190,190
2018-03-31,11221,366,366
2018-03-31,11222,231,231
2018-03-31,11223,125,125
2018-03-31,11224,96,96
2018-03-31,11225,346,346
2018-03-31,11226,474,474
2018-03-31,11228,46,46
2018-03-31,11229,130,130
2018-03-31,11230,273,273
2018-03-31,11231,108,108
2018-03-31,11232,84,84
2018-03-31,11233,228,228
2018-03-31,11234,147,147
2018-03-31,11235,208,208
2018-03-31,11236,88,88
2018-03-31,11237,350,350
2018-03-31,11238,346,346
2018-03-31,11239,16,16
2018-04-30,11201,343,343
2018-04-30,11203,147,147
2018-04-30,11204,92,92
2018-04-30,11205,338,338
2018-04-30,11206,483,483
2018-04-30,11207,311,311
2018-04-30,11208,249,249
2018-04-30,11209,263,263
2018-04-30,11210,123,123
2018-04-30,11211,548,548
2018-04-30,11212,255,255
2018-04-30,11213,299,299
2018-04-30,11214,125,125
2018-04-30,11215,301,301
2018-04-30,11216,315,315
2018-04-30,11217,300,300
2018-04-30,11218,181,181
2018-04-30,11219,78,78
2018-04-30,11220,235,235
2018-04-30,11221,500,500
2018-04-30,11222,262,262
2018-04-30,11223,147,147
2018-04-30,11224,99,99
2018-04-30,11225,383,383
2018-04-30,11226,596,596
2018-04-30,11228,43,43
2018-04-30,11229,138,138
2018-04-30,11230,283,283
2018-04-30,11231,135,135
2018-04-30,11232,123,123
2018-04-30,11233,242,242
2018-04-30,11234,143,143
2018-04-30,11235,179,179
2018-04-30,11236,114,114
2018-04-30,11237,528,528
2018-04-30,11238,441,441
2018-04-30,11239,17,17
2018-05-31,11201,389,389
2018-05-31,11203,231,231
2018-05-31,11204,148,148
2018-05-31,11205,423,423
2018-05-31,11206,634,634
2018-05-31,11207,524,524
2018-05-31,11208,481,481
2018-05-31,11209,327,327
2018-05-31,11210,210,210
2018-05-31,11211,866,866
2018-05-31,11212,291,291
2018-05-31,11213,457,457
2018-05-31,11214,138,138
2018-05-31,11215,298,298
2018-05-31,11216,498,498
2018-05-31,11217,380,380
2018-05-31,11218,220,220
2018-05-31,11219,172,172
2018-05-31,11220,400,400
2018-05-31,11221,880,880
2018-05-31,11222,334,334
2018-05-31,11223,212,212
2018-05-31,11224,112,112
2018-05-31,11225,656,656
2018-05-31,11226,805,805
2018-05-31,11228,61,61
2018-05-31,11229,174,174
2018-05-31,11230,314,314
2018-05-31,11231,150,150
2018-05-31,11232,169,169
2018-05-31,11233,399,399
2018-05-31,11234,176,176
2018-05-31,11235,244,244
2018-05-31,11236,206,206
2018-05-31,11237,609,609
2018-05-31,11238,819,819
2018-05-31,11239,14,14
2018-06-30,11201,462,462
2018-06-30,11203,288,288
2018-06-30,11204,141,141
2018-06-30,11205,403,403
2018-06-30,11206,727,727
2018-06-30,11207,518,518
2018-06-30,11208,571,571
2018-06-30,11209,254,254
2018-06-30,11210,260,260
2018-06-30,11211,688,688
2018-06-30,11212,316,316
2018-06-30,11213,457,457
2018-06-30,11214,163,163
2018-06-30,11215,360,360
2018-06-30,11216,681,681
2018-06-30,11217,377,377
2018-06-30,11218,218,218
2018-06-30,11219,142,142
2018-06-30,11220,436,436
2018-06-30,11221,821,821
2018-06-30,11222,304,304
2018-06-30,11223,171,171
2018-06-30,11224,119,119
2018-06-30,11225,608,608
2018-06-30,11226,949,949
2018-06-30,11228,103,103
2018-06-30,11229,207,207
2018-06-30,11230,307,307
2018-06-30,11231,187,187
2018-06-30,11232,144,144
2018-06-30,11233,551,551
2018-06-30,11234,252,252
2018-06-30,11235,280,280
2018-06-30,11236,246,246
2018-06-30,11237,685,685
2018-06-30,11238,751,751
2018-06-30,11239,20,20
2018-07-31,11201,328,328
2018-07-31,11203,368,368
2018-07-31,11204,85,85
2018-07-31,11205,448,448
2018-07-31,11206,660,660
2018-07-31,11207,430,430
2018-07-31,11208,606,606
2018-07-31,11209,225,225
2018-07-31,11210,205,205
2018-07-31,11211,603,603
2018-07-31,11212,294,294
2018-07-31,11213,379,379
2018-07-31,11214,120,120
2018-07-31,11215,198,198
2018-07-31,11216,653,653
2018-07-31,11217,200,200
2018-07-31,11218,186,186
2018-07-31,11219,116,116
2018-07-31,11220,368,368
2018-07-31,11221,727,727
2018-07-31,11222,251,251
2018-07-31,11223,96,96
2018-07-31,11224,100,100
2018-07-31,11225,558,558
2018-07-31,11226,790,790
2018-07-31,11228,70,70
2018-07-31,11229,184,184
2018-07-31,11230,180,180
2018-07-31,11231,109,109
2018-07-31,11232,142,142
2018-07-31,11233,443,443
2018-07-31,11234,268,268
2018-07-31,11235,196,196
2018-07-31,11236,291,291
2018-07-31,11237,540,540
2018-07-31,11238,635,635
2018-07-31,11239,14,14
2018-08-31,11201,336,336
2018-08-31,11203,304,304
2018-08-31,11204,88,88
2018-08-31,11205,333,333
2018-08-31,11206,418,418
2018-08-31,11207,357,357
2018-08-31,11208,548,548
2018-08-31,11209,130,130
2018-08-31,11210,207,207
2018-08-31,11211,494,494
2018-08-31,11212,290,290
2018-08-31,11213,374,374
2018-08-31,11214,107,107
2018-08-31,11215,190,190
2018-08-31,11216,511,511
2018-08-31,11217,210,210
2018-08-31,11218,167,167
2018-08-31,11219,108,108
2018-08-31,11220,415,415
2018-08-31,11221,662,662
2018-08-31,11222,252,252
2018-08-31,11223,86,86
2018-08-31,11224,125,125
2018-08-31,11225,502,502
2018-08-31,11226,650,650
2018-08-31,11228,69,69
2018-08-31,11229,145,145
2018-08-31,11230,206,206
2018-08-31,11231,82,82
2018-08-31,11232,137,137
2018-08-31,11233,425,425
2018-08-31,11234,176,176
2018-08-31,11235,154,154
2018-08-31,11236,230,230
2018-08-31,11237,530,530
2018-08-31,11238,698,698
2018-08-31,11239,10,10
2018-09-30,11201,434,434
2018-09-30,11203,306,306
2018-09-30,11204,99,99
2018-09-30,11205,377,377
2018-09-30,11206,628,628
2018-09-30,11207,454,454
2018-09-30,11208,481,481
2018-09-30,11209,223,223
2018-09-30,11210,202,202
2018-09-30,11211,511,511
2018-09-30,11212,295,295
2018-09-30,11213,468,468
2018-09-30,11214,111,111
2018-09-30,11215,249,249
2018-09-30,11216,471,471
2018-09-30,11217,362,362
2018-09-30,11218,195,195
2018-09-30,11219,171,171
2018-09-30,11220,488,488
2018-09-30,11221,774,774
2018-09-30,11222,279,279
2018-09-30,11223,146,146
2018-09-30,11224,135,135
2018-09-30,11225,655,655
2018-09-30,11226,899,899
2018-09-30,11228,62,62
2018-09-30,11229,233,233
2018-09-30,11230,228,228
2018-09-30,11231,156,156
2018-09-30,11232,106,106
2018-09-30,11233,471,471
2018-09-30,11234,235,235
2018-09-30,11235,209,209
2018-09-30,11236,262,262
2018-09-30,11237,643,643
2018-09-30,11238,513,513
2018-09-30,11239,22,22
2018-10-31,11201,484,484
2018-10-31,11203,196,196
2018-10-31,11204,72,72
2018-10-31,11205,502,502
2018-10-31,11206,618,618
2018-10-31,11207,316,316
2018-10-31,11208,240,240
2018-10-31,11209,197,197
2018-10-31,11210,147,147
2018-10-31,11211,569,569
2018-10-31,11212,225,225
2018-10-31,11213,315,315
2018-10-31,11214,132,132
2018-10-31,11215,295,295
2018-10-31,11216,399,399
2018-10-31,11217,238,238
2018-10-31,11218,157,157
2018-10-31,11219,123,123
2018-10-31,11220,309,309
2018-10-31,11221,480,480
2018-10-31,11222,255,255
2018-10-31,11223,154,154
2018-10-31,11224,142,142
2018-10-31,11225,536,536
2018-10-31,11226,653,653
2018-10-31,11228,34,34
2018-10-31,11229,164,164
2018-10-31,11230,278,278
2018-10-31,11231,145,145
2018-10-31,11232,116,116
2018-10-31,11233,306,306
2018-10-31,11234,178,178
2018-10-31,11235,194,194
2018-10-31,11236,121,121
2018-10-31,11237,439,439
2018-10-31,11238,382,382
2018-10-31,11239,15,15
2018-11-30,11201,521,521
2018-11-30,11203,180,180
2018-11-30,11204,100,100
2018-11-30,11205,354,354
2018-11-30,11206,397,397
2018-11-30,11207,276,276
2018-11-30,11208,148,148
2018-11-30,11209,212,212
2018-11-30,11210,135,135
2018-11-30,11211,489,489
2018-11-30,11212,202,202
2018-11-30,11213,244,244
2018-11-30,11214,90,90
2018-11-30,11215,181,181
2018-11-30,11216,270,270
2018-11-30,11217,231,231
2018-11-30,11218,144,144
2018-11-30,11219,93,93
2018-11-30,11220,159,159
2018-11-30,11221,352,352
2018-11-30,11222,241,241
2018-11-30,11223,90,90
2018-11-30,11224,88,88
2018-11-30,11225,341,341
2018-11-30,11226,480,480
2018-11-30,11228,46,46
2018-11-30,11229,129,129
2018-11-30,11230,214,214
2018-11-30,11231,103,103
2018-11-30,11232,75,75
2018-11-30,11233,243,243
2018-11-30,11234,88,88
2018-11-30,11235,145,145
2018-11-30,11236,84,84
2018-11-30,11237,268,268
2018-11-30,11238,302,302
2018-11-30,11239,18,18
2018-12-31,11201,370,370
2018-12-31,11203,157,157
2018-12-31,11204,83,83
2018-12-31,11205,297,297
2018-12-31,11206,482,482
2018-12-31,11207,283,283
2018-12-31,11208,196,196
2018-12-31,11209,224,224
2018-12-31,11210,126,126
2018-12-31,11211,388,388
2018-12-31,11212,202,202
2018-12-31,11213,211,211
2018-12-31,11214,113,113
2018-12-31,11215,201,201
2018-12-31,11216,292,292
2018-12-31,11217,243,243
2018-12-31,11218,143,143
2018-12-31,11219,73,73
2018-12-31,11220,192,192
2018-12-31,11221,396,396
2018-12-31,11222,197,197
2018-12-31,11223,159,159
2018-12-31,11224,93,93
2018-12-31,11225,379,379
2018-12-31,11226,491,491
2018-12-31,11228,70,70
2018-12-31,11229,159,159
2018-12-31,11230,189,189
2018-12-31,11231,123,123
2018-12-31,11232,82,82
2018-12-31,11233,295,295
2018-12-31,11234,86,86
2018-12-31,11235,201,201
2018-12-31,11236,107,107
2018-12-31,11237,307,307
2018-12-31,11238,329,329
2018-12-31,11239,42,42
2019-01-31,11201,289,289
2019-01-31,11203,102,102
2019-01-31,11204,67,67
2019-01-31,11205,219,219
2019-01-31,11206,406,406
2019-01-31,11207,240,240
2019-01-31,11208,155,155
2019-01-31,11209,187,187
2019-01-31,11210,133,133
2019-01-31,11211,326,326
2019-01-31,11212,257,257
2019-01-31,11213,201,201
2019-01-31,11214,125,125
2019-01-31,11215,173,173
2019-01-31,11216,270,270
2019-01-31,11217,253,253
2019-01-31,11218,139,139
2019-01-31,11219,96,96
2019-01-31,11220,181,181
2019-01-31,11221,363,363
2019-01-31,11222,213,213
2019-01-31,11223,133,133
2019-01-31,11224,125,125
2019-01-31,11225,282,282
2019-01-31,11226,438,438
2019-01-31,11228,44,44
2019-01-31,11229,133,133
2019-01-31,11230,231,231
2019-01-31,11231,91,91
2019-01-31,11232,97,97
2019-01-31,11233,216,216
2019-01-31,11234,114,114
2019-01-31,11235,173,173
2019-01-31,11236,121,121
2019-01-31,11237,297,297
2019-01-31,11238,321,321
2019-01-31,11239,10,10
2019-02-28,11201,367,367
2019-02-28,11203,98,98
2019-02-28,11204,71,71
2019-02-28,11205,220,220
2019-02-28,11206,507,507
2019-02-28,11207,202,202
2019-02-28,11208,182,182
2019-02-28,11209,125,125
2019-02-28,11210,111,111
2019-02-28,11211,298,298
2019-02-28,11212,223,223
2019-02-28,11213,185,185
2019-02-28,11214,97,97
2019-02-28,11215,194,194
2019-02-28,11216,282,282
2019-02-28,11217,208,208
2019-02-28,11218,90,90
2019-02-28,11219,90,90
2019-02-28,11220,153,153
2019-02-28,11221,371,371
2019-02-28,11222,192,192
2019-02-28,11223,171,171
2019-02-28,11224,100,100
2019-02-28,11225,271,271
2019-02-28,11226,412,412
2019-02-28,11228,30,30
2019-02-28,11229,144,144
2019-02-28,11230,178,178
2019-02-28,11231,99,99
2019-02-28,11232,83,83
2019-02-28,11233,236,236
2019-02-28,11234,82,82
2019-02-28,11235,181,181
2019-02-28,11236,108,108
2019-02-28,11237,258,258
2019-02-28,11238,290,290
2019-02-28,11239,15,15
2019-03-31,11201,417,417
2019-03-31,11203,157,157
2019-03-31,11204,113,113
2019-03-31,11205,321,321
2019-03-31,11206,605,605
2019-03-31,11207,344,344
2019-03-31,11208,251,251
2019-03-31,11209,194,194
2019-03-31,11210,160,160
2019-03-31,11211,453,453
2019-03-31,11212,217,217
2019-03-31,11213,266,266
2019-03-31,11214,109,109
2019-03-31,11215,153,153
2019-03-31,11216,273,273
2019-03-31,11217,273,273
2019-03-31,11218,124,124
2019-03-31,11219,112,112
2019-03-31,11220,196,196
2019-03-31,11221,465,465
2019-03-31,11222,259,259
2019-03-31,11223,138,138
2019-03-31,11224,117,117
2019-03-31,11225,391,391
2019-03-31,11226,541,541
2019-03-31,11228,38,38
2019-03-31,11229,187,187
2019-03-31,11230,251,251
2019-03-31,11231,108,108
2019-03-31,11232,107,107
2019-03-31,11233,278,278
2019-03-31,11234,150,150
2019-03-31,11235,167,167
2019-03-31,11236,108,108
2019-03-31,11237,324,324
2019-03-31,11238,314,314
2019-03-31,11239,12,12
2019-04-30,11201,516,516
2019-04-30,11203,161,161
2019-04-30,11204,99,99
2019-04-30,11205,285,285
2019-04-30,11206,649,649
2019-04-30,11207,354,354
2019-04-30,11208,402,402
2019-04-30,11209,209,209
2019-04-30,11210,167,167
2019-04-30,11211,473,473
2019-04-30,11212,290,290
2019-04-30,11213,307,307
2019-04-30,11214,159,159
2019-04-30,11215,213,213
2019-04-30,11216,489,489
2019-04-30,11217,344,344
2019-04-30,11218,175,175
2019-04-30,11219,116,116
2019-04-30,11220,279,279
2019-04-30,11221,617,617
2019-04-30,11222,250,250
2019-04-30,11223,162,162
2019-04-30,11224,89,89
2019-04-30,11225,501,501
2019-04-30,11226,651,651
2019-04-30,11228,52,52
2019-04-30,11229,214,214
2019-04-30,11230,223,223
2019-04-30,11231,128,128
2019-04-30,11232,123,123
2019-04-30,11233,330,330
2019-04-30,11234,171,171
2019-04-30,11235,233,233
2019-04-30,11236,160,160
2019-04-30,11237,520,520
2019-04-30,11238,527,527
2019-04-30,11239,45,45
2019-05-31,11201,118,118
2019-05-31,11203,36,36
2019-05-31,11204,13,13
2019-05-31,11205,62,62
2019-05-31,11206,178,178
2019-05-31,11207,81,81
2019-05-31,11208,84,84
2019-05-31,11209,49,49
2019-05-31,11210,28,28
2019-05-31,11211,98,98
2019-05-31,11212,69,69
2019-05-31,11213,89,89
2019-05-31,11214,28,28
2019-05-31,11215,55,55
2019-05-31,11216,118,118
2019-05-31,11217,79,79
2019-05-31,11218,35,35
2019-05-31,11219,18,18
2019-05-31,11220,95,95
2019-05-31,11221,143,143
2019-05-31,11222,77,77
2019-05-31,11223,47,47
2019-05-31,11224,35,35
2019-05-31,11225,135,135
2019-05-31,11226,119,119
2019-05-31,11228,10,10
2019-05-31,11229,45,45
2019-05-31,11230,42,42
2019-05-31,11231,46,46
2019-05-31,11232,28,28
2019-05-31,11233,82,82
2019-05-31,11234,35,35
2019-05-31,11235,42,42
2019-05-31,11236,37,37
2019-05-31,11237,94,94
2019-05-31,11238,89,89
2019-05-31,11239,5,5
